Title;Cause;Detection;Source;Mitigation;Location-City;Location-Region;Location-Country;Impact-Dead;Impact-Ill;Impact-Hospitalized;Monitoring;Contaminant;Symptoms;Prevention;Restoration
Large waterborne Campylobacter outbreak: use of multiple approaches to investigate contamination of the drinking water supply system, Norway, June 2019;43 water meter replacements and 2 line breaks;residents and visitors to the community of cabool;groundwater supply;chlorination program, household survey, boil water;Cabool;Ozarks;USA;4;243;32;total coliform bacteria,water samples of 200 ml volume were collected;ecoli;bloody diarrhea, blood in stools, abdominal pain, diarrhea, vomiting, fever;-;-
Earthquake causes covid outbreak;people reuniting on safehouse without masks;multiple residents presenting symptoms;unknown patient 0;social distancing;Luverne;Minnesota;USA;35;100;0;phone app,blood tests;covid;fever,headache,dry cough;-;-
Gastroenteritis Outbreak Caused by Waterborne Norovirus at a New Zealand Ski Resort.pdf;-;public health authorities were informed about a possible outbreak of gastroenteritis among staff and visitors at a popular ski resort;a drinking water supply contaminated by human sewage, water supply;work restrictions for sick staff, hand hygiene signage for staff and visitors, emergency chlorination of the water supply, and comprehensive environmental cleaning of the resorts facilities.;-;Southern New Zealand;New Zealand;0;218;0;ecoli (range, 7.4 to 220 per 100 ml) and total coliforms (range, 72 to 1,100 per 100 ml), drinking water, source stream water, and 31 fecal specimens from gastroenteritis outbreak cases, fecal samples;cryptosporidium,campylobacter,norovirus,rotavirus;vomit,vomiting,gastrointestinal symptoms,acute gastroenteritis, gastroenteritis,diarrhea,nausea,abdominal pain, fever;reviewing their approach to water supply management with a particular focus on improved training for supply managers and the development of risk management plans;-
a-large-community-outbreak-of-gastroenteritis-associated-with-consumption-of-drinking-water-contaminated-by-river-water-belgium-2010;firefighting;local general practitioners (gps) reported an increase in consultations for gastroenteritis on 8 december,routinely taken tap water samples;consumption of water contaminated by river water;not to consume or use tap water, bottled potable water was distributed to the population.;Hemiksem;;Belgium;1;603;6;200 c.f.u. 100 ml for ecoli and 1100 c.f.u. 100 ml for enterococci,stool samples;giardia lamblia,campylobacter sp,norovirus,rotavirus;abdominal pain,nausea,vomiting, gastroenteritis, fever,diarrhea, acute gastroenteritis, gastrointestinal symptoms;a warning was sent to other ﬁre brigades;sanitation of water pipes
Cryptosporidium outbreak linked to interactive water feature, UK importance of guidelines;water in the interactive water feature became contaminated with faeces containing cryptosporidium oocysts;complaint from a visitor about the water quality of 1 of the interactive water features, laboratory reports;-;-;-;southwest England;England;1;63;10;faecal samples from the farmyard animals,2100 coliforms, 40 e.coli per cu mm), faecal sample, 10 liter grab samples were taken from the various water features;ecoli;bloody diarrhea, blood in stools, abdominal pain, diarrhea, vomiting, fever;the design of the water treatment and disinfection system was improved,reviewed and revised health and safety risk assessments;-
Compliance with boil water advice following a water contamination incident in the Netherlands in 2007.pdf;run off of rainwater contaminated with faeces of breeding gulls;samples;tap water;boil tap water,  public website used during emergency situations (www.crisis.nl) and a toll free telephone number were made available for the public,broadcasted through mass media including the national and regional television channel, radio and newspapers, boil tap water for 2 minutes before consumption;-;North Holland;Holland;0;0;0;-;ecoli;bloody diarrhea, blood in stools, abdominal pain, diarrhea, vomiting, fever;-;-
an-extensive-gastroenteritis-outbreak-after-drinking-water-contamination-by-sewage-effluent-finland;a valve in the waste water plant connecting the drinking water line and a waste water effluent line had been opened during the maintenance work and inadvertently left open for 2 days;from 30 november, environmental health and municipal waterworks officials received reports of bouts of diarrhoea and vomiting among residents, and during that same day an increase in the number of patients with gastroenteritis was observed at the health centre, customers complained of a bad smell and taste in their tap water;drinking water network;extensive water and pipeline sampling was initiated and a boil water notice issued, and water chlorine concentration was increased;-;-;Finland;0;8453;0;stool specimens;norovirus, adenovirus, shigella spp, yersinia spp, campylobacter jejuni, clostridium difficile, salmonella;acute gastroenteritis, gastroenteritis, gastrointestinal symptoms, vomiting, abdominal pain, diarrhea, fever;waterworks across the country;-
An outbreak of viral gastroenteritis linked to municipal water supply, Lombardy, Italy, June 2009;-;cases of gastroenteritis among guests of a hotel, cluster of gastroenteritis in a hotel;contaminated municipal water supply, municipal water systems;-;-;Northern Italy;Italy;0;299;4;high levels of clostridium perfringens (4 ufc 100 ml) and aeromonas hydrophyla (16 ufc 100 ml);enterovirus, astrovirus, norovirus, rotavirus;vomiting, nausea,abdominal pain, gastroenteritis, diarrhea, fever, gastrointestinal symptoms, acute gastroenteritis;-;-
epidemiological-and-serological-investigation-of-a-waterborne-campylobacter-jejuni-outbreak-in-a-danish-town.pdf;backflow of sewage water into the gravel surrounding the borehole, drinking water contamination caused by congestion of the combined rainwater drainage and sewage system;unusual increase in patients with acute gastroenteritis.;drinking water;boiling order was in place for the whole town and the inhabitants were supplied with drinking water from tank trucks, tap water boiling advice;-;-;Denmark;0;163;0;water samples, stool samples;sapovirus, campylobacter spp, coliform bacteria, campylobacter jejuni;gastrointestinal symptoms, gastroenteritis, acute gastroenteritis, fever, abdominal pain, vomiting, diarrhea;-;-
epidemiology-and-estimated-costs-of-a-large-waterborne-outbreak-of-norovirus-infection-in-sweden.pdf;heavy faecal contamination of the raw water from gta lv river [20];unusually high number of individuals who had suddenly fallen ill with gastrointestinal symptoms, description: notified that 7 17 athletes of a team that had visited the municipality during the afternoon on 7 september had fallen ill with gastrointestinal symptoms;contaminated drinking water, drinking water;information was spread via the media, the homepage of the municipality website, posters and local radio as vma, i.e important message to the public, inform the inhabitants in the municipality about the ongoing outbreak, the issued boil water recommendation, and medical advice for people with gastrointestinal symptoms, boil water recommendation;Lilla Edet Municipality;Västra Götaland County;Sweden;0;2000;0;water samples, stool samples, 10 liter grab samples were taken from the various water features, 300 plaque forming units (p.f.u.) 100 ml, between 4 and 42 p.f.u. 100 ml;NoV, adenovirus,sapovirus, campylobacter, rotavirus;abdominal pain,nausea,vomiting, gastroenteritis, diarrhea,acute gastroenteritis, gastrointestinal symptoms, fever;-;-
